diff	diff_fill	dir	dir_reverse	bin	bin_reverse	dec	dec_reverse
0000	0000	0	1	00000	00000	0	32
0001	0001	0	1	11110	01111	30	47
0002	0002	0	1	00010	01000	2	40
	0002	1	0	00011	11000	35	24
	0002	0	1	11110	01111	30	47
0003	0003	0	1	00011	11000	3	56
	0003	1	0	00001	10000	33	16
0010	0010	0	1	00011	11000	3	56
	0010	1	0	00000	00000	32	0
	0010	0	1	11100	00111	28	39
0011	0011	0	1	00010	01000	2	40
	0011	1	0	00000	00000	32	0
	0011	0	1	11100	00111	28	39
0012	0012	0	1	00010	01000	2	40
	0012	1	0	00011	11000	35	24
	0012	0	1	00010	01000	2	40
	0012	1	0	00000	00000	32	0
	0012	0	1	11100	00111	28	39
0013	0013	0	1	00011	11000	3	56
	0013	1	0	00001	10000	33	16
	0013	0	1	00011	11000	3	56
	0013	1	0	00000	00000	32	0
	0013	0	1	11100	00111	28	39
0020	0020	0	1	00111	11100	7	60
	0020	1	0	00010	01000	34	8
	0020	0	1	00110	01100	6	44
	0020	1	0	00011	11000	35	24
0021	0021	0	1	00110	01100	6	44
	0021	1	0	00010	01000	34	8
	0021	0	1	00110	01100	6	44
	0021	1	0	00011	11000	35	24
0022	0022	0	1	00110	01100	6	44
	0022	1	0	00011	11000	35	24
	0022	0	1	00110	01100	6	44
	0022	1	0	00011	11000	35	24
0023	0023	0	1	00110	01100	6	44
	0023	1	0	00011	11000	35	24
	0023	0	1	00110	01100	6	44
	0023	1	0	00011	11000	35	24
	0023	0	1	11110	01111	30	47
0030	0030	0	1	00111	11100	7	60
	0030	1	0	00011	11000	35	24
0031	0031	0	1	00110	01100	6	44
	0031	1	0	00011	11000	35	24
0032	0032	0	1	00110	01100	6	44
	0032	1	0	00011	11000	35	24
	0032	0	1	11110	01111	30	47
0033	0033	0	1	00011	11000	3	56
	0033	1	0	00001	10000	33	16
	0033	0	1	00111	11100	7	60
	0033	1	0	00011	11000	35	24
0100	0100	0	1	00111	11100	7	60
	0100	1	0	00000	00000	32	0
	0100	0	1	11000	00011	24	35
0101	0101	0	1	00110	01100	6	44
	0101	1	0	00000	00000	32	0
	0101	0	1	11000	00011	24	35
0102	0102	0	1	00010	01000	2	40
	0102	1	0	00011	11000	35	24
	0102	0	1	00110	01100	6	44
	0102	1	0	00000	00000	32	0
	0102	0	1	11000	00011	24	35
0103	0103	0	1	00011	11000	3	56
	0103	1	0	00001	10000	33	16
	0103	0	1	00111	11100	7	60
	0103	1	0	00000	00000	32	0
	0103	0	1	11000	00011	24	35
0110	0110	0	1	00011	11000	3	56
	0110	1	0	00000	00000	32	0
	0110	0	1	00100	00100	4	36
	0110	1	0	00000	00000	32	0
	0110	0	1	11000	00011	24	35
0111	0111	0	1	00010	01000	2	40
	0111	1	0	00000	00000	32	0
	0111	0	1	00100	00100	4	36
	0111	1	0	00000	00000	32	0
	0111	0	1	11000	00011	24	35
0112	0112	0	1	01110	01110	14	46
	0112	1	0	00111	11100	39	28
	0112	0	1	01110	01110	14	46
	0112	1	0	00110	01100	38	12
	0112	0	1	01100	00110	12	38
	0112	1	0	00111	11100	39	28
0113	0113	0	1	01110	01110	14	46
	0113	1	0	00111	11100	39	28
	0113	0	1	01110	01110	14	46
	0113	1	0	00111	11100	39	28
	0113	0	1	01110	01110	14	46
	0113	1	0	00110	01100	38	12
	0113	0	1	11100	00111	28	39
0120	0120	0	1	01111	11110	15	62
	0120	1	0	00110	01100	38	12
	0120	0	1	01100	00110	12	38
	0120	1	0	00110	01100	38	12
	0120	0	1	01100	00110	12	38
	0120	1	0	00111	11100	39	28
0121	0121	0	1	01110	01110	14	46
	0121	1	0	00110	01100	38	12
	0121	0	1	01100	00110	12	38
	0121	1	0	00110	01100	38	12
	0121	0	1	01100	00110	12	38
	0121	1	0	00111	11100	39	28
0122	0122	0	1	00110	01100	6	44
	0122	1	0	00011	11000	35	24
	0122	0	1	00110	01100	6	44
	0122	1	0	00010	01000	34	8
	0122	0	1	00110	01100	6	44
	0122	1	0	00000	00000	32	0
	0122	0	1	11000	00011	24	35
0123	0123	0	1	00110	01100	6	44
	0123	1	0	00011	11000	35	24
	0123	0	1	00110	01100	6	44
	0123	1	0	00011	11000	35	24
	0123	0	1	00110	01100	6	44
	0123	1	0	00000	00000	32	0
	0123	0	1	11000	00011	24	35
0130	0130	0	1	00111	11100	7	60
	0130	1	0	00010	01000	34	8
	0130	0	1	00110	01100	6	44
	0130	1	0	00000	00000	32	0
	0130	0	1	11000	00011	24	35
0131	0131	0	1	00110	01100	6	44
	0131	1	0	00010	01000	34	8
	0131	0	1	00110	01100	6	44
	0131	1	0	00000	00000	32	0
	0131	0	1	11000	00011	24	35
0132	0132	0	1	00110	01100	6	44
	0132	1	0	00011	11000	35	24
	0132	0	1	00110	01100	6	44
	0132	1	0	00000	00000	32	0
	0132	0	1	11000	00011	24	35
0133	0133	0	1	00011	11000	3	56
	0133	1	0	00001	10000	33	16
	0133	0	1	00111	11100	7	60
	0133	1	0	00010	01000	34	8
	0133	0	1	00110	01100	6	44
	0133	1	0	00000	00000	32	0
	0133	0	1	11000	00011	24	35
0200	0200	0	1	01111	11110	15	62
	0200	1	0	00100	00100	36	4
	0200	0	1	01100	00110	12	38
	0200	1	0	00111	11100	39	28
0201	0201	0	1	01110	01110	14	46
	0201	1	0	00100	00100	36	4
	0201	0	1	01100	00110	12	38
	0201	1	0	00111	11100	39	28
0202	0202	0	1	01110	01110	14	46
	0202	1	0	00111	11100	39	28
	0202	0	1	01110	01110	14	46
	0202	1	0	00111	11100	39	28
0203	0203	0	1	01110	01110	14	46
	0203	1	0	00111	11100	39	28
	0203	0	1	01110	01110	14	46
	0203	1	0	00111	11100	39	28
	0203	0	1	11110	01111	30	47
0210	0210	0	1	01111	11110	15	62
	0210	1	0	00110	01100	38	12
	0210	0	1	01100	00110	12	38
	0210	1	0	00111	11100	39	28
0211	0211	0	1	01110	01110	14	46
	0211	1	0	00110	01100	38	12
	0211	0	1	01100	00110	12	38
	0211	1	0	00111	11100	39	28
0212	0212	0	1	01110	01110	14	46
	0212	1	0	00111	11100	39	28
	0212	0	1	01110	01110	14	46
	0212	1	0	00110	01100	38	12
	0212	0	1	11100	00111	28	39
0213	0213	0	1	00011	11000	3	56
	0213	1	0	00001	10000	33	16
	0213	0	1	01111	11110	15	62
	0213	1	0	00110	01100	38	12
	0213	0	1	01100	00110	12	38
	0213	1	0	00111	11100	39	28
0220	0220	0	1	01111	11110	15	62
	0220	1	0	00110	01100	38	12
	0220	0	1	01100	00110	12	38
	0220	1	0	00110	01100	38	12
	0220	0	1	11100	00111	28	39
0221	0221	0	1	01110	01110	14	46
	0221	1	0	00110	01100	38	12
	0221	0	1	01100	00110	12	38
	0221	1	0	00110	01100	38	12
	0221	0	1	11100	00111	28	39
0222	0222	0	1	01110	01110	14	46
	0222	1	0	00111	11100	39	28
	0222	0	1	01110	01110	14	46
	0222	1	0	00110	01100	38	12
	0222	0	1	00100	00100	4	36
	0222	1	0	00110	01100	38	12
	0222	0	1	11100	00111	28	39
0223	0223	0	1	00011	11000	3	56
	0223	1	0	00001	10000	33	16
	0223	0	1	01111	11110	15	62
	0223	1	0	00110	01100	38	12
	0223	0	1	01100	00110	12	38
	0223	1	0	00110	01100	38	12
	0223	0	1	11100	00111	28	39
0230	0230	0	1	00111	11100	7	60
	0230	1	0	00010	01000	34	8
	0230	0	1	01110	01110	14	46
	0230	1	0	00100	00100	36	4
	0230	0	1	01100	00110	12	38
	0230	1	0	00111	11100	39	28
0231	0231	0	1	00110	01100	6	44
	0231	1	0	00010	01000	34	8
	0231	0	1	01110	01110	14	46
	0231	1	0	00100	00100	36	4
	0231	0	1	01100	00110	12	38
	0231	1	0	00111	11100	39	28
0232	0232	0	1	00110	01100	6	44
	0232	1	0	00011	11000	35	24
	0232	0	1	01110	01110	14	46
	0232	1	0	00100	00100	36	4
	0232	0	1	01100	00110	12	38
	0232	1	0	00111	11100	39	28
0233	0233	0	1	00110	01100	6	44
	0233	1	0	00011	11000	35	24
	0233	0	1	01110	01110	14	46
	0233	1	0	00111	11100	39	28
	0233	0	1	01110	01110	14	46
	0233	1	0	00111	11100	39	28
0300	0300	0	1	01111	11110	15	62
	0300	1	0	00111	11100	39	28
0301	0301	0	1	01110	01110	14	46
	0301	1	0	00111	11100	39	28
0302	0302	0	1	01110	01110	14	46
	0302	1	0	00111	11100	39	28
	0302	0	1	11110	01111	30	47
0303	0303	0	1	00011	11000	3	56
	0303	1	0	00001	10000	33	16
	0303	0	1	01111	11110	15	62
	0303	1	0	00111	11100	39	28
0310	0310	0	1	01111	11110	15	62
	0310	1	0	00110	01100	38	12
	0310	0	1	11100	00111	28	39
0311	0311	0	1	01110	01110	14	46
	0311	1	0	00110	01100	38	12
	0311	0	1	11100	00111	28	39
0312	0312	0	1	01110	01110	14	46
	0312	1	0	00111	11100	39	28
	0312	0	1	00010	01000	2	40
	0312	1	0	00000	00000	32	0
	0312	0	1	11100	00111	28	39
0313	0313	0	1	00011	11000	3	56
	0313	1	0	00001	10000	33	16
	0313	0	1	01111	11110	15	62
	0313	1	0	00110	01100	38	12
	0313	0	1	11100	00111	28	39
0320	0320	0	1	01111	11110	15	62
	0320	1	0	00110	01100	38	12
	0320	0	1	00100	00100	4	36
	0320	1	0	00110	01100	38	12
	0320	0	1	11100	00111	28	39
0321	0321	0	1	01110	01110	14	46
	0321	1	0	00110	01100	38	12
	0321	0	1	00100	00100	4	36
	0321	1	0	00110	01100	38	12
	0321	0	1	11100	00111	28	39
0322	0322	0	1	00110	01100	6	44
	0322	1	0	00011	11000	35	24
	0322	0	1	00110	01100	6	44
	0322	1	0	00010	01000	34	8
	0322	0	1	01110	01110	14	46
	0322	1	0	00111	11100	39	28
0323	0323	0	1	00110	01100	6	44
	0323	1	0	00011	11000	35	24
	0323	0	1	00110	01100	6	44
	0323	1	0	00011	11000	35	24
	0323	0	1	01110	01110	14	46
	0323	1	0	00111	11100	39	28
0330	0330	0	1	00111	11100	7	60
	0330	1	0	00010	01000	34	8
	0330	0	1	01110	01110	14	46
	0330	1	0	00111	11100	39	28
0331	0331	0	1	00110	01100	6	44
	0331	1	0	00010	01000	34	8
	0331	0	1	01110	01110	14	46
	0331	1	0	00111	11100	39	28
0332	0332	0	1	00110	01100	6	44
	0332	1	0	00011	11000	35	24
	0332	0	1	01110	01110	14	46
	0332	1	0	00111	11100	39	28
0333	0333	0	1	00110	01100	6	44
	0333	1	0	00011	11000	35	24
	0333	0	1	01110	01110	14	46
	0333	1	0	00111	11100	39	28
	0333	0	1	11110	01111	30	47
1000	1000	0	1	01111	11110	15	62
	1000	1	0	00000	00000	32	0
	1000	0	1	10000	00001	16	33
1001	1001	0	1	01110	01110	14	46
	1001	1	0	00000	00000	32	0
	1001	0	1	10000	00001	16	33
1002	1002	0	1	00010	01000	2	40
	1002	1	0	00011	11000	35	24
	1002	0	1	01110	01110	14	46
	1002	1	0	00000	00000	32	0
	1002	0	1	10000	00001	16	33
1003	1003	0	1	00011	11000	3	56
	1003	1	0	00001	10000	33	16
	1003	0	1	01111	11110	15	62
	1003	1	0	00000	00000	32	0
	1003	0	1	10000	00001	16	33
1010	1010	0	1	00011	11000	3	56
	1010	1	0	00000	00000	32	0
	1010	0	1	01100	00110	12	38
	1010	1	0	00000	00000	32	0
	1010	0	1	10000	00001	16	33
1011	1011	0	1	00010	01000	2	40
	1011	1	0	00000	00000	32	0
	1011	0	1	01100	00110	12	38
	1011	1	0	00000	00000	32	0
	1011	0	1	10000	00001	16	33
1012	1012	0	1	11110	01111	30	47
	1012	1	0	01111	11110	47	30
	1012	0	1	11110	01111	30	47
	1012	1	0	01110	01110	46	14
	1012	0	1	11100	00111	28	39
	1012	1	0	01111	11110	47	30
1013	1013	0	1	00011	11000	3	56
	1013	1	0	00001	10000	33	16
	1013	0	1	00011	11000	3	56
	1013	1	0	00000	00000	32	0
	1013	0	1	01100	00110	12	38
	1013	1	0	00000	00000	32	0
	1013	0	1	10000	00001	16	33
1020	1020	0	1	11111	11111	31	63
	1020	1	0	01110	01110	46	14
	1020	0	1	11100	00111	28	39
	1020	1	0	01110	01110	46	14
	1020	0	1	11100	00111	28	39
	1020	1	0	01111	11110	47	30
1021	1021	0	1	11110	01111	30	47
	1021	1	0	01110	01110	46	14
	1021	0	1	11100	00111	28	39
	1021	1	0	01110	01110	46	14
	1021	0	1	11100	00111	28	39
	1021	1	0	01111	11110	47	30
1022	1022	0	1	00110	01100	6	44
	1022	1	0	00011	11000	35	24
	1022	0	1	00110	01100	6	44
	1022	1	0	00010	01000	34	8
	1022	0	1	01110	01110	14	46
	1022	1	0	00000	00000	32	0
	1022	0	1	10000	00001	16	33
1023	1023	0	1	00110	01100	6	44
	1023	1	0	00011	11000	35	24
	1023	0	1	00110	01100	6	44
	1023	1	0	00011	11000	35	24
	1023	0	1	01110	01110	14	46
	1023	1	0	00000	00000	32	0
	1023	0	1	10000	00001	16	33
1030	1030	0	1	00111	11100	7	60
	1030	1	0	00010	01000	34	8
	1030	0	1	01110	01110	14	46
	1030	1	0	00000	00000	32	0
	1030	0	1	10000	00001	16	33
1031	1031	0	1	00110	01100	6	44
	1031	1	0	00010	01000	34	8
	1031	0	1	01110	01110	14	46
	1031	1	0	00000	00000	32	0
	1031	0	1	10000	00001	16	33
1032	1032	0	1	00110	01100	6	44
	1032	1	0	00011	11000	35	24
	1032	0	1	01110	01110	14	46
	1032	1	0	00000	00000	32	0
	1032	0	1	10000	00001	16	33
1033	1033	0	1	00110	01100	6	44
	1033	1	0	00011	11000	35	24
	1033	0	1	00010	01000	2	40
	1033	1	0	00011	11000	35	24
	1033	0	1	01110	01110	14	46
	1033	1	0	00000	00000	32	0
	1033	0	1	10000	00001	16	33
1100	1100	0	1	00111	11100	7	60
	1100	1	0	00000	00000	32	0
	1100	0	1	01000	00010	8	34
	1100	1	0	00000	00000	32	0
	1100	0	1	10000	00001	16	33
1101	1101	0	1	00110	01100	6	44
	1101	1	0	00000	00000	32	0
	1101	0	1	01000	00010	8	34
	1101	1	0	00000	00000	32	0
	1101	0	1	10000	00001	16	33
1102	1102	0	1	00010	01000	2	40
	1102	1	0	00011	11000	35	24
	1102	0	1	00110	01100	6	44
	1102	1	0	00000	00000	32	0
	1102	0	1	01000	00010	8	34
	1102	1	0	00000	00000	32	0
	1102	0	1	10000	00001	16	33
1103	1103	0	1	00011	11000	3	56
	1103	1	0	00001	10000	33	16
	1103	0	1	00111	11100	7	60
	1103	1	0	00000	00000	32	0
	1103	0	1	01000	00010	8	34
	1103	1	0	00000	00000	32	0
	1103	0	1	10000	00001	16	33
1110	1110	0	1	11111	11111	31	63
	1110	1	0	01110	01110	46	14
	1110	0	1	11100	00111	28	39
	1110	1	0	01100	00110	44	6
	1110	0	1	11000	00011	24	35
	1110	1	0	01111	11110	47	30
1111	1111	0	1	11110	01111	30	47
	1111	1	0	01110	01110	46	14
	1111	0	1	11100	00111	28	39
	1111	1	0	01100	00110	44	6
	1111	0	1	11000	00011	24	35
	1111	1	0	01111	11110	47	30
1112	1112	0	1	11110	01111	30	47
	1112	1	0	01111	11110	47	30
	1112	0	1	11110	01111	30	47
	1112	1	0	01110	01110	46	14
	1112	0	1	11100	00111	28	39
	1112	1	0	01100	00110	44	6
	1112	0	1	11000	00011	24	35
1113	1113	0	1	00011	11000	3	56
	1113	1	0	00001	10000	33	16
	1113	0	1	00011	11000	3	56
	1113	1	0	00000	00000	32	0
	1113	0	1	00100	00100	4	36
	1113	1	0	00000	00000	32	0
	1113	0	1	01000	00010	8	34
	1113	1	0	00000	00000	32	0
	1113	0	1	10000	00001	16	33
1120	1120	0	1	11111	11111	31	63
	1120	1	0	01110	01110	46	14
	1120	0	1	11100	00111	28	39
	1120	1	0	01110	01110	46	14
	1120	0	1	11100	00111	28	39
	1120	1	0	01100	00110	44	6
	1120	0	1	11000	00011	24	35
1121	1121	0	1	11110	01111	30	47
	1121	1	0	01110	01110	46	14
	1121	0	1	11100	00111	28	39
	1121	1	0	01110	01110	46	14
	1121	0	1	11100	00111	28	39
	1121	1	0	01100	00110	44	6
	1121	0	1	11000	00011	24	35
1122	1122	0	1	11110	01111	30	47
	1122	1	0	01111	11110	47	30
	1122	0	1	11110	01111	30	47
	1122	1	0	01110	01110	46	14
	1122	0	1	11100	00111	28	39
	1122	1	0	01110	01110	46	14
	1122	0	1	00100	00100	4	36
	1122	1	0	00000	00000	32	0
	1122	0	1	11000	00011	24	35
1123	1123	0	1	00110	01100	6	44
	1123	1	0	00011	11000	35	24
	1123	0	1	00110	01100	6	44
	1123	1	0	00011	11000	35	24
	1123	0	1	00110	01100	6	44
	1123	1	0	00000	00000	32	0
	1123	0	1	01000	00010	8	34
	1123	1	0	00000	00000	32	0
	1123	0	1	10000	00001	16	33
1130	1130	0	1	00111	11100	7	60
	1130	1	0	00010	01000	34	8
	1130	0	1	00110	01100	6	44
	1130	1	0	00000	00000	32	0
	1130	0	1	01000	00010	8	34
	1130	1	0	00000	00000	32	0
	1130	0	1	10000	00001	16	33
1131	1131	0	1	00110	01100	6	44
	1131	1	0	00010	01000	34	8
	1131	0	1	00110	01100	6	44
	1131	1	0	00000	00000	32	0
	1131	0	1	01000	00010	8	34
	1131	1	0	00000	00000	32	0
	1131	0	1	10000	00001	16	33
1132	1132	0	1	00110	01100	6	44
	1132	1	0	00011	11000	35	24
	1132	0	1	00110	01100	6	44
	1132	1	0	00000	00000	32	0
	1132	0	1	01000	00010	8	34
	1132	1	0	00000	00000	32	0
	1132	0	1	10000	00001	16	33
1133	1133	0	1	00011	11000	3	56
	1133	1	0	00001	10000	33	16
	1133	0	1	00111	11100	7	60
	1133	1	0	00010	01000	34	8
	1133	0	1	00110	01100	6	44
	1133	1	0	00000	00000	32	0
	1133	0	1	01000	00010	8	34
	1133	1	0	00000	00000	32	0
	1133	0	1	10000	00001	16	33
1200	1200	0	1	11111	11111	31	63
	1200	1	0	01100	00110	44	6
	1200	0	1	11000	00011	24	35
	1200	1	0	01100	00110	44	6
	1200	0	1	11000	00011	24	35
	1200	1	0	01111	11110	47	30
1201	1201	0	1	11110	01111	30	47
	1201	1	0	01100	00110	44	6
	1201	0	1	11000	00011	24	35
	1201	1	0	01100	00110	44	6
	1201	0	1	11000	00011	24	35
	1201	1	0	01111	11110	47	30
1202	1202	0	1	01110	01110	14	46
	1202	1	0	00111	11100	39	28
	1202	0	1	01110	01110	14	46
	1202	1	0	00100	00100	36	4
	1202	0	1	01100	00110	12	38
	1202	1	0	00000	00000	32	0
	1202	0	1	10000	00001	16	33
1203	1203	0	1	01110	01110	14	46
	1203	1	0	00111	11100	39	28
	1203	0	1	01110	01110	14	46
	1203	1	0	00111	11100	39	28
	1203	0	1	01110	01110	14	46
	1203	1	0	00000	00000	32	0
	1203	0	1	10000	00001	16	33
1210	1210	0	1	01111	11110	15	62
	1210	1	0	00110	01100	38	12
	1210	0	1	01100	00110	12	38
	1210	1	0	00100	00100	36	4
	1210	0	1	01100	00110	12	38
	1210	1	0	00000	00000	32	0
	1210	0	1	10000	00001	16	33
1211	1211	0	1	01110	01110	14	46
	1211	1	0	00110	01100	38	12
	1211	0	1	01100	00110	12	38
	1211	1	0	00100	00100	36	4
	1211	0	1	01100	00110	12	38
	1211	1	0	00000	00000	32	0
	1211	0	1	10000	00001	16	33
1212	1212	0	1	01110	01110	14	46
	1212	1	0	00111	11100	39	28
	1212	0	1	01110	01110	14	46
	1212	1	0	00110	01100	38	12
	1212	0	1	01100	00110	12	38
	1212	1	0	00000	00000	32	0
	1212	0	1	10000	00001	16	33
1213	1213	0 	1	00011	11000	3	56
	1213	1	0	00001	10000	33	16
	1213	0	1	01111	11110	15	62
	1213	1	0	00110	01100	38	12
	1213	0	1	01100	00110	12	38
	1213	1	0	00100	00100	36	4
	1213	0	1	01100	00110	12	38
	1213	1	0	00000	00000	32	0
	1213	0	1	10000	00001	16	33
1220	1220	0	1	01111	11110	15	62
	1220	1	0	00110	01100	38	12
	1220	0	1	01100	00110	12	38
	1220	1	0	00110	01100	38	12
	1220	0	1	01100	00110	12	38
	1220	1	0	00000	00000	32	0
	1220	0	1	10000	00001	16	33
1221	1221	0	1	01110	01110	14	46
	1221	1	0	00110	01100	38	12
	1221	0	1	01100	00110	12	38
	1221	1	0	00110	01100	38	12
	1221	0	1	01100	00110	12	38
	1221	1	0	00000	00000	32	0
	1221	0	1	10000	00001	16	33
1222	1222	0	1	01110	01110	14	46
	1222	1	0	00111	11100	39	28
	1222	0	1	01110	01110	14	46
	1222	1	0	00110	01100	38	12
	1222	0	1	00100	00100	4	36
	1222	1	0	00110	01100	38	12
	1222	0	1	01100	00110	12	38
	1222	1	0	00000	00000	32	0
	1222	0	1	10000	00001	16	33
1223	1223	0	1	00011	11000	3	56
	1223	1	0	00001	10000	33	16
	1223	0	1	01111	11110	15	62
	1223	1	0	00110	01100	38	12
	1223	0	1	01100	00110	12	38
	1223	1	0	00110	01100	38	12
	1223	0	1	01100	00110	12	38
	1223	1	0	00000	00000	32	0
	1223	0	1	10000	00001	16	33
1230	1230	0	1	00111	11100	7	60
	1230	1	0	00010	01000	34	8
	1230	0	1	11110	01111	30	47
	1230	1	0	01100	00110	44	6
	1230	0	1	11000	00011	24	35
	1230	1	0	01100	00110	44	6
	1230	0	1	11000	00011	24	35
	1230	1	0	01111	11110	47	30
1231	1231	0	1	00110	01100	6	44
	1231	1	0	00010	01000	34	8
	1231	0	1	11110	01111	30	47
	1231	1	0	01100	00110	44	6
	1231	0	1	11000	00011	24	35
	1231	1	0	01100	00110	44	6
	1231	0	1	11000	00011	24	35
	1231	1	0	01111	11110	47	30
1232	1232	0	1	00110	01100	6	44
	1232	1	0	00011	11000	35	24
	1232	0	1	11110	01111	30	47
	1232	1	0	01100	00110	44	6
	1232	0	1	11000	00011	24	35
	1232	1	0	01100	00110	44	6
	1232	0	1	11000	00011	24	35
	1232	1	0	01111	11110	47	30
1233	1233	0	1	00110	01100	6	44
	1233	1	0	00011	11000	35	24
	1233	0	1	11110	01111	30	47
	1233	1	0	01111	11110	47	30
	1233	0	1	11110	01111	30	47
	1233	1	0	01100	00110	44	6
	1233	0	1	11000	00011	24	35
	1233	1	0	01100	00110	44	6
	1233	0	1	11000	00011	24	35
1300	1300	0	1	01111	11110	15	62
	1300	1	0	00100	00100	36	4
	1300	0	1	01100	00110	12	38
	1300	1	0	00000	00000	32	0
	1300	0	1	10000	00001	16	33
1301	1301	0	1	01110	01110	14	46
	1301	1	0	00100	00100	36	4
	1301	0	1	01100	00110	12	38
	1301	1	0	00000	00000	32	0
	1301	0	1	10000	00001	16	33
1302	1302	0	1	01110	01110	14	46
	1302	1	0	00111	11100	39	28
	1302	0	1	01110	01110	14	46
	1302	1	0	00000	00000	32	0
	1302	0	1	10000	00001	16	33
1303	1303	0	1	00011	11000	3	56
	1303	1	0	00001	10000	33	16
	1303	0	1	01111	11110	15	62
	1303	1	0	00100	00100	36	4
	1303	0	1	01100	00110	12	38
	1303	1	0	00000	00000	32	0
	1303	0	1	10000	00001	16	33
1310	1310	0	1	01111	11110	15	62
	1310	1	0	00110	01100	38	12
	1310	0	1	01100	00110	12	38
	1310	1	0	00000	00000	32	0
	1310	0	1	10000	00001	16	33
1311	1311	0	1	01110	01110	14	46
	1311	1	0	00110	01100	38	12
	1311	0	1	01100	00110	12	38
	1311	1	0	00000	00000	32	0
	1311	0	1	10000	00001	16	33
1312	1312	0	1	00010	01000	2	40
	1312	1	0	00011	11000	35	24
	1312	0	1	01110	01110	14	46
	1312	1	0	00110	01100	38	12
	1312	0	1	01100	00110	12	38
	1312	1	0	00000	00000	32	0
	1312	0	1	10000	00001	16	33
1313	1313	0	1	00011	11000	3	56
	1313	1	0	00001	10000	33	16
	1313	0	1	01111	11110	15	62
	1313	1	0	00110	01100	38	12
	1313	0	1	01100	00110	12	38
	1313	1	0	00000	00000	32	0
	1313	0	1	10000	00001	16	33
1320	1320	0	1	01111	11110	15	62
	1320	1	0	00110	01100	38	12
	1320	0	1	00100	00100	4	36
	1320	1	0	00110	01100	38	12
	1320	0	1	01100	00110	12	38
	1320	1	0	00000	00000	32	0
	1320	0	1	10000	00001	16	33
1321	1321	0	1	01110	01110	14	46
	1321	1	0	00110	01100	38	12
	1321	0	1	00100	00100	4	36
	1321	1	0	00110	01100	38	12
	1321	0	1	01100	00110	12	38
	1321	1	0	00000	00000	32	0
	1321	0	1	10000	00001	16	33
1322	1322	0	1	11110	01111	30	47
	1322	1	0	01111	11110	47	30
	1322	0	1	11110	01111	30	47
	1322	1	0	01110	01110	46	14
	1322	0	1	11100	00111	28	39
	1322	1	0	01110	01110	46	14
	1322	0	1	01100	00110	12	38
	1322	1	0	10111	11101	55	29
1323	1323	0	1	11110	01111	30	47
	1323	1	0	01111	11110	47	30
	1323	0	1	11110	01111	30	47
	1323	1	0	01110	01110	46	14
	1323	0	1	11100	00111	28	39
	1323	1	0	01110	01110	46	14
	1323	0	1	01100	00110	12	38
	1323	1	0	00111	11100	39	28
	1323	0	1	11110	01111	30	47
1330	1330	0	1	00111	11100	7	60
	1330	1	0	00010	01000	34	8
	1330	0	1	01110	01110	14	46
	1330	1	0	00100	00100	36	4
	1330	0	1	01100	00110	12	38
	1330	1	0	00000	00000	32	0
	1330	0	1	10000	00001	16	33
1331	1331	0	1	00110	01100	6	44
	1331	1	0	00010	01000	34	8
	1331	0	1	01110	01110	14	46
	1331	1	0	00100	00100	36	4
	1331	0	1	01100	00110	12	38
	1331	1	0	00000	00000	32	0
	1331	0	1	10000	00001	16	33
1332	1332	0	1	00110	01100	6	44
	1332	1	0	00011	11000	35	24
	1332	0	1	01110	01110	14	46
	1332	1	0	00111	11100	39	28
	1332	0	1	01111	11110	15	62
	1332	1	0	00000	00000	32	0
	1332	0	1	10000	00001	16	33
1333	1333	0	1	00110	01100	6	44
	1333	1	0	00011	11000	35	24
	1333	0	1	01110	01110	14	46
	1333	1	0	00111	11100	39	28
	1333	0	1	01110	01110	14	46
	1333	1	0	00000	00000	32	0
	1333	0	1	10000	00001	16	33
2000	2000	0	1	11111	11111	31	63
	2000	1	0	01000	00010	40	2
	2000	0	1	11000	00011	24	35
	2000	1	0	01111	11110	47	30
2001	2001	0	1	11110	01111	30	47
	2001	1	0	01000	00010	40	2
	2001	0	1	11000	00011	24	35
	2001	1	0	01111	11110	47	30
2002	2002	0	1	11110	01111	30	47
	2002	1	0	01111	11110	47	30
	2002	0	1	11110	01111	30	47
	2002	1	0	01111	11110	47	30
2003	2003	0	1	11110	01111	30	47
	2003	1	0	01111	11110	47	30
	2003	0	1	11110	01111	30	47
	2003	1	0	01111	11110	47	30
	2003	0	1	11110	01111	30	47
2010	2010	0	1	11111	11111	31	63
	2010	1	0	01110	01110	46	14
	2010	0	1	11100	00111	28	39
	2010	1	0	01111	11110	47	30
2011	2011	0	1	11110	01111	30	47
	2011	1	0	01110	01110	46	14
	2011	0	1	11100	00111	28	39
	2011	1	0	01111	11110	47	30
2012	2012	0	1	11110	01111	30	47
	2012	1	0	01110	01110	46	14
	2012	0	1	11100	00111	28	39
	2012	1	0	01111	11110	47	30
	2012	0	1	11110	01111	30	47
2013	2013	0	1	00011	11000	3	56
	2013	1	0	00001	10000	33	16
	2013	0	1	11111	11111	31	63
	2013	1	0	01110	01110	46	14
	2013	0	1	11100	00111	28	39
	2013	1	0	01111	11110	47	30
2020	2020	0	1	11111	11111	31	63
	2020	1	0	01110	01110	46	14
	2020	0	1	11100	00111	28	39
	2020	1	0	01110	01110	46	14
	2020	0	1	11100	00111	28	39
2021	2021	0	1	11110	01111	30	47
	2021	1	0	01110	01110	46	14
	2021	0	1	11100	00111	28	39
	2021	1	0	01110	01110	46	14
	2021	0	1	11100	00111	28	39
2022	2022	0	1	11110	01111	30	47
	2022	1	0	01111	11110	47	30
	2022	0	1	11110	01111	30	47
	2022	1	0	01110	01110	46	14
	2022	0	1	00100	00100	4	36
	2022	1	0	00110	01100	38	12
	2022	0	1	11100	00111	28	39
2023	2023	0	1	00011	11000	3	56
	2023	1	0	00001	10000	33	16
	2023	0	1	11111	11111	31	63
	2023	1	0	01110	01110	46	14
	2023	0	1	11100	00111	28	39
	2023	1	0	01110	01110	46	14
	2023	0	1	11100	00111	28	39
2030	2030	0	1	00111	11100	7	60
	2030	1	0	00010	01000	34	8
	2030	0	1	11110	01111	30	47
	2030	1	0	01000	00010	40	2
	2030	0	1	11000	00011	24	35
	2030	1	0	01111	11110	47	30
2031	2031	0	1	00110	01100	6	44
	2031	1	0	00010	01000	34	8
	2031	0	1	11110	01111	30	47
	2031	1	0	01000	00010	40	2
	2031	0	1	11000	00011	24	35
	2031	1	0	01111	11110	47	30
2032	2032	0	1	00110	01100	6	44
	2032	1	0	00011	11000	35	24
	2032	0	1	11110	01111	30	47
	2032	1	0	01000	00010	40	2
	2032	0	1	11000	00011	24	35
	2032	1	0	01111	11110	47	30
2033	2033	0	1	00110	01100	6	44
	2033	1	0	00011	11000	35	24
	2033	0	1	11110	01111	30	47
	2033	1	0	01111	11110	47	30
	2033	0	1	11110	01111	30	47
	2033	1	0	01111	11110	47	30
2100	2100	0	1	11111	11111	31	63
	2100	1	0	01100	00110	44	6
	2100	0	1	11000	00011	24	35
	2100	1	0	01111	11110	47	30
2101	2101	0	1	11110	01111	30	47
	2101	1	0	01100	00110	44	6
	2101	0	1	11000	00011	24	35
	2101	1	0	01111	11110	47	30
2102	2102	0	1	11110	01111	30	47
	2102	1	0	01100	00110	44	6
	2102	0	1	11000	00011	24	35
	2102	1	0	01111	11110	47	30
	2102	0	1	11110	01111	30	47
2103	2103	0	1	00011	11000	3	56
	2103	1	0	00001	10000	33	16
	2103	0	1	11111	11111	31	63
	2103	1	0	01100	00110	44	6
	2103	0	1	11000	00011	24	35
	2103	1	0	01111	11110	47	30
2110	2110	0	1	11111	11111	31	63
	2110	1	0	01110	01110	46	14
	2110	0	1	11100	00111	28	39
	2110	1	0	01100	00110	44	6
	2110	0	1	11000	00011	24	35
2111	2111	0	1	11110	01111	30	47
	2111	1	0	01110	01110	46	14
	2111	0	1	11100	00111	28	39
	2111	1	0	01100	00110	44	6
	2111	0	1	11000	00011	24	35
2112	2112	0	1	11110	01111	30	47
	2112	1	0	01111	11110	47	30
	2112	0	1	11110	01111	30	47
	2112	1	0	01110	01110	46	14
	2112	0	1	00100	00100	4	36
	2112	1	0	00000	00000	32	0
	2112	0	1	11000	00011	24	35
2113	2113	0	1	00011	11000	3	56
	2113	1	0	00001	10000	33	16
	2113	0	1	11111	11111	31	63
	2113	1	0	01110	01110	46	14
	2113	0	1	11100	00111	28	39
	2113	1	0	01100	00110	44	6
	2113	0	1	11000	00011	24	35
2120	2120	0	1	11111	11111	31	63
	2120	1	0	01110	01110	46	14
	2120	0	1	11100	00111	28	39
	2120	1	0	01110	01110	46	14
	2120	0	1	00100	00100	4	36
	2120	1	0	00000	00000	32	0
	2120	0	1	11000	00011	24	35
2121	2121	0	1	11110	01111	30	47
	2121	1	0	01110	01110	46	14
	2121	0	1	11100	00111	28	39
	2121	1	0	01110	01110	46	14
	2121	0	1	00100	00100	4	36
	2121	1	0	00000	00000	32	0
	2121	0	1	11000	00011	24	35
2122	2122	0	1	00110	01100	6	44
	2122	1	0	00011	11000	35	24
	2122	0	1	11110	01111	30	47
	2122	1	0	01100	00110	44	6
	2122	0	1	11000	00011	24	35
	2122	1	0	01100	00110	44	6
	2122	0	1	00000	00000	0	32
	2122	1	0	00011	11000	35	24
2123	2123	0	1	00011	11000	3	56
	2123	1	0	00001	10000	33	16
	2123	0	1	11111	11111	31	63
	2123	1	0	01110	01110	46	14
	2123	0	1	11100	00111	28	39
	2123	1	0	01110	01110	46	14
	2123	0	1	00100	00100	4	36
	2123	1	0	00000	00000	32	0
	2123	0	1	11000	00011	24	35
2130	2130	0	1	00111	11100	7	60
	2130	1	0	00010	01000	34	8
	2130	0	1	11110	01111	30	47
	2130	1	0	01100	00110	44	6
	2130	0	1	11000	00011	24	35
	2130	1	0	01111	11110	47	30
2131	2131	0	1	00110	01100	6	44
	2131	1	0	00010	01000	34	8
	2131	0	1	11110	01111	30	47
	2131	1	0	01100	00110	44	6
	2131	0	1	11000	00011	24	35
	2131	1	0	01111	11110	47	30
2132	2132	0	1	00110	01100	6	44
	2132	1	0	00011	11000	35	24
	2132	0	1	11110	01111	30	47
	2132	1	0	01100	00110	44	6
	2132	0	1	11000	00011	24	35
	2132	1	0	01111	11110	47	30
2133	2133	0	1	00110	01100	6	44
	2133	1	0	00011	11000	35	24
	2133	0	1	11110	01111	30	47
	2133	1	0	01111	11110	47	30
	2133	0	1	11110	01111	30	47
	2133	1	0	01100	00110	44	6
	2133	0	1	11000	00011	24	35
2200	2200	0	1	11111	11111	31	63
	2200	1	0	01100	00110	44	6
	2200	0	1	11000	00011	24	35
	2200	1	0	01100	00110	44	6
	2200	0	1	11000	00011	24	35
2201	2201	0	1	11110	01111	30	47
	2201	1	0	01100	00110	44	6
	2201	0	1	11000	00011	24	35
	2201	1	0	01100	00110	44	6
	2201	0	1	11000	00011	24	35
2202	2202	0	1	11110	01111	30	47
	2202	1	0	01111	11110	47	30
	2202	0	1	11110	01111	30	47
	2202	1	0	01100	00110	44	6
	2202	0	1	11000	00011	24	35
	2202	1	0	11100	00111	60	7
	2202	0	1	11000	00011	24	35
2203	2203	0	1	00011	11000	3	56
	2203	1	0	00001	10000	33	16
	2203	0	1	11111	11111	31	63
	2203	1	0	01100	00110	44	6
	2203	0	1	11000	00011	24	35
	2203	1	0	01100	00110	44	6
	2203	0	1	11000	00011	24	35
2210	2210	0	1	11111	11111	31	63
	2210	1	0	01110	01110	46	14
	2210	0	1	11100	00111	28	39
	2210	1	0	01100	00110	44	6
	2210	0	1	01000	00010	8	34
	2210	1	0	01100	00110	44	6
	2210	0	1	11000	00011	24	35
2211	2211	0	1	11110	01111	30	47
	2211	1	0	01110	01110	46	14
	2211	0	1	11100	00111	28	39
	2211	1	0	01100	00110	44	6
	2211	0	1	01000	00010	8	34
	2211	1	0	01100	00110	44	6
	2211	0	1	11000	00011	24	35
2212	2212	0	1	11110	01111	30	47
	2212	1	0	01111	11110	47	30
	2212	0	1	11110	01111	30	47
	2212	1	0	01110	01110	46	14
	2212	0	1	01100	00110	12	38
	2212	1	0	00100	00100	36	4
	2212	0	1	01100	00110	12	38
	2212	1	0	00111	11100	39	28
2213	2213	0	1	00011	11000	3	56
	2213	1	0	00001	10000	33	16
	2213	0	1	11111	11111	31	63
	2213	1	0	01110	01110	46	14
	2213	0	1	11100	00111	28	39
	2213	1	0	01100	00110	44	6
	2213	0	1	01000	00010	8	34
	2213	1	0	01100	00110	44	6
	2213	0	1	11000	00011	24	35
2220	2220	0	1	11111	11111	31	63
	2220	1	0	01110	01110	46	14
	2220	0	1	11100	00111	28	39
	2220	1	0	01110	01110	46	14
	2220	0	1	01100	00110	12	38
	2220	1	0	00100	00100	36	4
	2220	0	1	01100	00110	12	38
	2220	1	0	00111	11100	39	28
2221	2221	0	1	11110	01111	30	47
	2221	1	0	01110	01110	46	14
	2221	0	1	11100	00111	28	39
	2221	1	0	01110	01110	46	14
	2221	0	1	01100	00110	12	38
	2221	1	0	00100	00100	36	4
	2221	0	1	01100	00110	12	38
	2221	1	0	00111	11100	39	28
2222	2222	0	1	11110	01111	30	47
	2222	1	0	01111	11110	47	30
	2222	0	1	11110	01111	30	47
	2222	1	0	01110	01110	46	14
	2222	0	1	01100	00110	12	38
	2222	1	0	00110	01100	38	12
	2222	0	1	01100	00110	12	38
	2222	1	0	00111	11100	39	28
2223	2223	0	1	00110	01100	6	44
	2223	1	0	00011	11000	35	24
	2223	0	1	00110	01100	6	44
	2223	1	0	00011	11000	35	24
	2223	0	1	11110	01111	30	47
	2223	1	0	01100	00110	44	6
	2223	0	1	11000	00011	24	35
	2223	1	0	01100	00110	44	6
	2223	0	1	11000	00011	24	35
2230	2230	0	1	00111	11100	7	60
	2230	1	0	00010	01000	34	8
	2230	0	1	11110	01111	30	47
	2230	1	0	01100	00110	44	6
	2230	0	1	11000	00011	24	35
	2230	1	0	01100	00110	44	6
	2230	0	1	11000	00011	24	35
2231	2231	0	1	00110	01100	6	44
	2231	1	0	00010	01000	34	8
	2231	0	1	11110	01111	30	47
	2231	1	0	01100	00110	44	6
	2231	0	1	11000	00011	24	35
	2231	1	0	01100	00110	44	6
	2231	0	1	11000	00011	24	35
2232	2232	0	1	00110	01100	6	44
	2232	1	0	00011	11000	35	24
	2232	0	1	11110	01111	30	47
	2232	1	0	01100	00110	44	6
	2232	0	1	11000	00011	24	35
	2232	1	0	01100	00110	44	6
	2232	0	1	11000	00011	24	35
2233	2233	0	1	00011	11000	3	56
	2233	1	0	00001	10000	33	16
	2233	0	1	00111	11100	7	60
	2233	1	0	00011	11000	35	24
	2233	0	1	11111	11111	31	63
	2233	1	0	01100	00110	44	6
	2233	0	1	11000	00011	24	35
	2233	1	0	01100	00110	44	6
	2233	0	1	11000	00011	24	35
2300	2300	0	1	01111	11110	15	62
	2300	1	0	00100	00100	36	4
	2300	0	1	11100	00111	28	39
	2300	1	0	01000	00010	40	2
	2300	0	1	11000	00011	24	35
	2300	1	0	01111	11110	47	30
2301	2301	0	1	01110	01110	14	46
	2301	1	0	00100	00100	36	4
	2301	0	1	11100	00111	28	39
	2301	1	0	01000	00010	40	2
	2301	0	1	11000	00011	24	35
	2301	1	0	01111	11110	47	30
2302	2302	0	1	01110	01110	14	46
	2302	1	0	00111	11100	39	28
	2302	0	1	11110	01111	30	47
	2302	1	0	01000	00010	40	2
	2302	0	1	11000	00011	24	35
	2302	1	0	01111	11110	47	30
2303	2303	0	1	01110	01110	14	46
	2303	1	0	00111	11100	39	28
	2303	0	1	11110	01111	30	47
	2303	1	0	01111	11110	47	30
	2303	0	1	11110	01111	30	47
	2303	1	0	01111	11110	47	30
2310	2310	0	1	11111	11111	31	63
	2310	1	0	01110	01110	46	14
	2310	0	1	11100	00111	28	39
	2310	1	0	01000	00010	40	2
	2310	0	1	00000	00000	0	32
	2310	1	0	00111	11100	39	28
2311	2311	0	1	11110	01111	30	47
	2311	1	0	01110	01110	46	14
	2311	0	1	11100	00111	28	39
	2311	1	0	01000	00010	40	2
	2311	0	1	00000	00000	0	32
	2311	1	0	00111	11100	39	28
2312	2312	0	1	11110	01111	30	47
	2312	1	0	01110	01110	46	14
	2312	0	1	11100	00111	28	39
	2312	1	0	01111	11110	47	30
	2312	0	1	01110	01110	14	46
	2312	1	0	00111	11100	39	28
2313	2313	0	1	11110	01111	30	47
	2313	1	0	01110	01110	46	14
	2313	0	1	11100	00111	28	39
	2313	1	0	01111	11110	47	30
	2313	0	1	01110	01110	14	46
	2313	1	0	00111	11100	39	28
	2313	0	1	11110	01111	30	47
2320	2320	0	1	11111	11111	31	63
	2320	1	0	01110	01110	46	14
	2320	0	1	11100	00111	28	39
	2320	1	0	01110	01110	46	14
	2320	0	1	01100	00110	12	38
	2320	1	0	00111	11100	39	28
2321	2321	0	1	11110	01111	30	47
	2321	1	0	01110	01110	46	14
	2321	0	1	11100	00111	28	39
	2321	1	0	01110	01110	46	14
	2321	0	1	01100	00110	12	38
	2321	1	0	00111	11100	39	28
2322	2322	0	1	11110	01111	30	47
	2322	1	0	01110	01110	46	14
	2322	0	1	11100	00111	28	39
	2322	1	0	01110	01110	46	14
	2322	0	1	01100	00110	12	38
	2322	1	0	00111	11100	39	28
	2322	0	1	11110	01111	30	47
2323	2323	0	1	00011	11000	3	56
	2323	1	0	00001	10000	33	16
	2323	0	1	11111	11111	31	63
	2323	1	0	01110	01110	46	14
	2323	0	1	11100	00111	28	39
	2323	1	0	01110	01110	46	14
	2323	0	1	01100	00110	12	38
	2323	1	0	00111	11100	39	28
2330	2330	0	1	01111	11110	15	62
	2330	1	0	00110	01100	38	12
	2330	0	1	11100	00111	28	39
	2330	1	0	01110	01110	46	14
	2330	0	1	11100	00111	28	39
	2330	1	0	01110	01110	46	14
	2330	0	1	11100	00111	28	39
2331	2331	0	1	01110	01110	14	46
	2331	1	0	00110	01100	38	12
	2331	0	1	11100	00111	28	39
	2331	1	0	01110	01110	46	14
	2331	0	1	11100	00111	28	39
	2331	1	0	01110	01110	46	14
	2331	0	1	11100	00111	28	39
2332	2332	0	1	00110	01100	6	44
	2332	1	0	00011	11000	35	24
	2332	0	1	01110	01110	14	46
	2332	1	0	00100	00100	36	4
	2332	0	1	11100	00111	28	39
	2332	1	0	01000	00010	40	2
	2332	0	1	11000	00011	24	35
	2332	1	0	01111	11110	47	30
2333	2333	0	1	00110	01100	6	44
	2333	1	0	00011	11000	35	24
	2333	0	1	01110	01110	14	46
	2333	1	0	00111	11100	39	28
	2333	0	1	11110	01111	30	47
	2333	1	0	01000	00010	40	2
	2333	0	1	11000	00011	24	35
	2333	1	0	01111	11110	47	30
3000	3000	0	1	11111	11111	31	63
	3000	1	0	01111	11110	47	30
3001	3001	0	1	11110	01111	30	47
	3001	1	0	01111	11110	47	30
3002	3002	0	1	11110	01111	30	47
	3002	1	0	01111	11110	47	30
	3002	0	1	11110	01111	30	47
3003	3003	0	1	00011	11000	3	56
	3003	1	0	00001	10000	33	16
	3003	0	1	11111	11111	31	63
	3003	1	0	01111	11110	47	30
3010	3010	0	1	11111	11111	31	63
	3010	1	0	01110	01110	46	14
	3010	0	1	11100	00111	28	39
3011	3011	0	1	11110	01111	30	47
	3011	1	0	01110	01110	46	14
	3011	0	1	11100	00111	28	39
3012	3012	0	1	00010	01000	2	40
	3012	1	0	00011	11000	35	24
	3012	0	1	11110	01111	30	47
	3012	1	0	01110	01110	46	14
	3012	0	1	11100	00111	28	39
3013	3013	0	1	00011	11000	3	56
	3013	1	0	00001	10000	33	16
	3013	0	1	11111	11111	31	63
	3013	1	0	01110	01110	46	14
	3013	0	1	11100	00111	28	39
3020	3020	0	1	11111	11111	31	63
	3020	1	0	01110	01110	46	14
	3020	0	1	00100	00100	4	36
	3020	1	0	00110	01100	38	12
	3020	0	1	11100	00111	28	39
3021	3021	0	1	11110	01111	30	47
	3021	1	0	01110	01110	46	14
	3021	0	1	00100	00100	4	36
	3021	1	0	00110	01100	38	12
	3021	0	1	11100	00111	28	39
3022	3022	0	1	00110	01100	6	44
	3022	1	0	00011	11000	35	24
	3022	0	1	11110	01111	30	47
	3022	1	0	01100	00110	44	6
	3022	0	1	00000	00000	0	32
	3022	1	0	00011	11000	35	24
3023	3023	0	1	00110	01100	6	44
	3023	1	0	00011	11000	35	24
	3023	0	1	11110	01111	30	47
	3023	1	0	01111	11110	47	30
	3023	0	1	00110	01100	6	44
	3023	1	0	00011	11000	35	24
3030	3030	0	1	00111	11100	7	60
	3030	1	0	00010	01000	34	8
	3030	0	1	11110	01111	30	47
	3030	1	0	01111	11110	47	30
3031	3031	0	1	00110	01100	6	44
	3031	1	0	00010	01000	34	8
	3031	0	1	11110	01111	30	47
	3031	1	0	01111	11110	47	30
3032	3032	0	1	00110	01100	6	44
	3032	1	0	00011	11000	35	24
	3032	0	1	11110	01111	30	47
	3032	1	0	01111	11110	47	30
3033	3033	0	1	00110	01100	6	44
	3033	1	0	00011	11000	35	24
	3033	0	1	11110	01111	30	47
	3033	1	0	01111	11110	47	30
	3033	0	1	11110	01111	30	47
3100	3100	0	1	11111	11111	31	63
	3100	1	0	01100	00110	44	6
	3100	0	1	11000	00011	24	35
3101	3101	0	1	11110	01111	30	47
	3101	1	0	01100	00110	44	6
	3101	0	1	11000	00011	24	35
3102	3102	0	1	11110	01111	30	47
	3102	1	0	01111	11110	47	30
	3102	0	1	00110	01100	6	44
	3102	1	0	00000	00000	32	0
	3102	0	1	11000	00011	24	35
3103	3103	0	1	00011	11000	3	56
	3103	1	0	00001	10000	33	16
	3103	0	1	11111	11111	31	63
	3103	1	0	01100	00110	44	6
	3103	0	1	11000	00011	24	35
3110	3110	0	1	11111	11111	31	63
	3110	1	0	01110	01110	46	14
	3110	0	1	00100	00100	4	36
	3110	1	0	00000	00000	32	0
	3110	0	1	11000	00011	24	35
3111	3111	0	1	11110	01111	30	47
	3111	1	0	01110	01110	46	14
	3111	0	1	00100	00100	4	36
	3111	1	0	00000	00000	32	0
	3111	0	1	11000	00011	24	35
3112	3112	0	1	11110	01111	30	47
	3112	1	0	01111	11110	47	30
	3112	0	1	00010	01000	2	40
	3112	1	0	00000	00000	32	0
	3112	0	1	00100	00100	4	36
	3112	1	0	00000	00000	32	0
	3112	0	1	11000	00011	24	35
3113	3113	0	1	00011	11000	3	56
	3113	1	0	00001	10000	33	16
	3113	0	1	11111	11111	31	63
	3113	1	0	01110	01110	46	14
	3113	0	1	00100	00100	4	36
	3113	1	0	00000	00000	32	0
	3113	0	1	11000	00011	24	35
3120	3120	0	1	11111	11111	31	63
	3120	1	0	01110	01110	46	14
	3120	0	1	00100	00100	4	36
	3120	1	0	00110	01100	38	12
	3120	0	1	00100	00100	4	36
	3120	1	0	00000	00000	32	0
	3120	0	1	11000	00011	24	35
3121	3121	0	1	11110	01111	30	47
	3121	1	0	01110	01110	46	14
	3121	0	1	00100	00100	4	36
	3121	1	0	00110	01100	38	12
	3121	0	1	00100	00100	4	36
	3121	1	0	00000	00000	32	0
	3121	0	1	11000	00011	24	35
3122	3122	0	1	00110	01100	6	44
	3122	1	0	00011	11000	35	24
	3122	0	1	00110	01100	6	44
	3122	1	0	00010	01000	34	8
	3122	0	1	11110	01111	30	47
	3122	1	0	01100	00110	44	6
	3122	0	1	11000	00011	24	35
3123	3123	0	1	00110	01100	6	44
	3123	1	0	00011	11000	35	24
	3123	0	1	00110	01100	6	44
	3123	1	0	00011	11000	35	24
	3123	0	1	11110	01111	30	47
	3123	1	0	01100	00110	44	6
	3123	0	1	11000	00011	24	35
3130	3130	0	1	00111	11100	7	60
	3130	1	0	00010	01000	34	8
	3130	0	1	11110	01111	30	47
	3130	1	0	01100	00110	44	6
	3130	0	1	11000	00011	24	35
3131	3131	0	1	00110	01100	6	44
	3131	1	0	00010	01000	34	8
	3131	0	1	11110	01111	30	47
	3131	1	0	01100	00110	44	6
	3131	0	1	11000	00011	24	35
3132	3132	0	1	00110	01100	6	44
	3132	1	0	00011	11000	35	24
	3132	0	1	11110	01111	30	47
	3132	1	0	01100	00110	44	6
	3132	0	1	11000	00011	24	35
3133	3133	0	1	00111	11100	7	60
	3133	1	0	00010	01000	34	8
	3133	0	1	00000	00000	0	32
	3133	1	0	00001	10000	33	16
	3133	0	1	11111	11111	31	63
	3133	1	0	01100	00110	44	6
	3133	0	1	11000	00011	24	35
3200	3200	0	1	11111	11111	31	63
	3200	1	0	01100	00110	44	6
	3200	0	1	01000	00010	8	34
	3200	1	0	01100	00110	44	6
	3200	0	1	11000	00011	24	35
3201	3201	0	1	11110	01111	30	47
	3201	1	0	01100	00110	44	6
	3201	0	1	01000	00010	8	34
	3201	1	0	01100	00110	44	6
	3201	0	1	11000	00011	24	35
3202	3202	0	1	11110	01111	30	47
	3202	1	0	01111	11110	47	30
	3202	0	1	01110	01110	14	46
	3202	1	0	00100	00100	36	4
	3202	0	1	01100	00110	12	38
	3202	1	0	00111	11100	39	28
3203	3203	0	1	11110	01111	30	47
	3203	1	0	01111	11110	47	30
	3203	0	1	01110	01110	14	46
	3203	1	0	00111	11100	39	28
	3203	0	1	01110	01110	14	46
	3203	1	0	00111	11100	39	28
3210	3210	0	1	11111	11111	31	63
	3210	1	0	01110	01110	46	14
	3210	0	1	01100	00110	12	38
	3210	1	0	00100	00100	36	4
	3210	0	1	01100	00110	12	38
	3210	1	0	00111	11100	39	28
3211	3211	0	1	11110	01111	30	47
	3211	1	0	01110	01110	46	14
	3211	0	1	01100	00110	12	38
	3211	1	0	00100	00100	36	4
	3211	0	1	01100	00110	12	38
	3211	1	0	00111	11100	39	28
3212	3212	0	1	11110	01111	30	47
	3212	1	0	01110	01110	46	14
	3212	0	1	01100	00110	12	38
	3212	1	0	00111	11100	39	28
	3212	0	1	01110	01110	14	46
	3212	1	0	00111	11100	39	28
3213	3213	0	1	11110	01111	30	47
	3213	1	0	01110	01110	46	14
	3213	0	1	01100	00110	12	38
	3213	1	0	00111	11100	39	28
	3213	0	1	01110	01110	14	46
	3213	1	0	00111	11100	39	28
	3213	0	1	11110	01111	30	47
3220	3220	0	1	11111	11111	31	63
	3220	1	0	01110	01110	46	14
	3220	0	1	01100	00110	12	38
	3220	1	0	00110	01100	38	12
	3220	0	1	01100	00110	12	38
	3220	1	0	00111	11100	39	28
3221	3221	0	1	11110	01111	30	47
	3221	1	0	01110	01110	46	14
	3221	0	1	01100	00110	12	38
	3221	1	0	00110	01100	38	12
	3221	0	1	01100	00110	12	38
	3221	1	0	00111	11100	39	28
3222	3222	0	1	11110	01111	30	47
	3222	1	0	01110	01110	46	14
	3222	0	1	01100	00110	12	38
	3222	1	0	00110	01100	38	12
	3222	0	1	01100	00110	12	38
	3222	1	0	00111	11100	39	28
	3222	0	1	11110	01111	30	47
3223	3223	0	1	11110	01111	30	47
	3223	1	0	01111	11110	47	30
	3223	0	1	01110	01110	14	46
	3223	1	0	00111	11100	39	28
	3223	0	1	01110	01110	14	46
	3223	1	0	00110	01100	38	12
	3223	0	1	00100	00100	4	36
	3223	1	0	00110	01100	38	12
	3223	0	1	11100	00111	28	39
3230	3230	0	1	00111	11100	7	60
	3230	1	0	00010	01000	34	8
	3230	0	1	11110	01111	30	47
	3230	1	0	01100	00110	44	6
	3230	0	1	01000	00010	8	34
	3230	1	0	01100	00110	44	6
	3230	0	1	11000	00011	24	35
3231	3231	0	1	00110	01100	6	44
	3231	1	0	00010	01000	34	8
	3231	0	1	11110	01111	30	47
	3231	1	0	01100	00110	44	6
	3231	0	1	01000	00010	8	34
	3231	1	0	01100	00110	44	6
	3231	0	1	11000	00011	24	35
3232	3232	0	1	00110	01100	6	44
	3232	1	0	00011	11000	35	24
	3232	0	1	11110	01111	30	47
	3232	1	0	01100	00110	44	6
	3232	0	1	01000	00010	8	34
	3232	1	0	01100	00110	44	6
	3232	0	1	11000	00011	24	35
3233	3233	0	1	01110	01110	14	46
	3233	1	0	00111	11100	39	28
	3233	0	1	11110	01111	30	47
	3233	1	0	01111	11110	47	30
	3233	0	1	01110	01110	14	46
	3233	1	0	00100	00100	36	4
	3233	0	1	00000	00000	0	32
	3233	1	0	00011	11000	35	24
3300	3300	0	1	01111	11110	15	62
	3300	1	0	00100	00100	36	4
	3300	0	1	11100	00111	28	39
	3300	1	0	01111	11110	47	30
3301	3301	0	1	01110	01110	14	46
	3301	1	0	00100	00100	36	4
	3301	0	1	11100	00111	28	39
	3301	1	0	01111	11110	47	30
3302	3302	0	1	01110	01110	14	46
	3302	1	0	00111	11100	39	28
	3302	0	1	11110	01111	30	47
	3302	1	0	01111	11110	47	30
3303	3303	0	1	01110	01110	14	46
	3303	1	0	00111	11100	39	28
	3303	0	1	11110	01111	30	47
	3303	1	0	01111	11110	47	30
	3303	0	1	11110	01111	30	47
3310	3310	0	1	01111	11110	15	62
	3310	1	0	00110	01100	38	12
	3310	0	1	11100	00111	28	39
	3310	1	0	01111	11110	47	30
3311	3311	0	1	01110	01110	14	46
	3311	1	0	00110	01100	38	12
	3311	0	1	11100	00111	28	39
	3311	1	0	01111	11110	47	30
3312	3312	0	1	01110	01110	14	46
	3312	1	0	00111	11100	39	28
	3312	0	1	11110	01111	30	47
	3312	1	0	01110	01110	46	14
	3312	0	1	11100	00111	28	39
3313	3313	0	1	00011	11000	3	56
	3313	1	0	00001	10000	33	16
	3313	0	1	01111	11110	15	62
	3313	1	0	00110	01100	38	12
	3313	0	1	11100	00111	28	39
	3313	1	0	01111	11110	47	30
3320	3320	0	1	01111	11110	15	62
	3320	1	0	00110	01100	38	12
	3320	0	1	11100	00111	28	39
	3320	1	0	01110	01110	46	14
	3320	0	1	11100	00111	28	39
3321	3321	0	1	01110	01110	14	46
	3321	1	0	00110	01100	38	12
	3321	0	1	11100	00111	28	39
	3321	1	0	01110	01110	46	14
	3321	0	1	11100	00111	28	39
3322	3322	0	1	11110	01111	30	47
	3322	1	0	01111	11110	47	30
	3322	0	1	01110	01110	14	46
	3322	1	0	00110	01100	38	12
	3322	0	1	00100	00100	4	36
	3322	1	0	00110	01100	38	12
	3322	0	1	11100	00111	28	39
3323	3323	0	1	00011	11000	3	56
	3323	1	0	00001	10000	33	16
	3323	0	1	11111	11111	31	63
	3323	1	0	01110	01110	46	14
	3323	0	1	01100	00110	12	38
	3323	1	0	00110	01100	38	12
	3323	0	1	11100	00111	28	39
3330	3330	0	1	00111	11100	7	60
	3330	1	0	00010	01000	34	8
	3330	0	1	01110	01110	14	46
	3330	1	0	00100	00100	36	4
	3330	0	1	11100	00111	28	39
	3330	1	0	01111	11110	47	30
3331	3331	0	1	00110	01100	6	44
	3331	1	0	00010	01000	34	8
	3331	0	1	01110	01110	14	46
	3331	1	0	00100	00100	36	4
	3331	0	1	11100	00111	28	39
	3331	1	0	01111	11110	47	30
3332	3332	0	1	00110	01100	6	44
	3332	1	0	00011	11000	35	24
	3332	0	1	01110	01110	14	46
	3332	1	0	00100	00100	36	4
	3332	0	1	11100	00111	28	39
	3332	1	0	01111	11110	47	30
3333	3333	0	1	00110	01100	6	44
	3333	1	0	00011	11000	35	24
	3333	0	1	01110	01110	14	46
	3333	1	0	00111	11100	39	28
	3333	0	1	11110	01111	30	47
	3333	1	0	01111	11110	47	30